,1.0,2.0,4.0,5.0,6.0,7.0,45.0,emotion
0,0.0,0.0,1.00819672131148,0.0,0.221052631578947,0.784810126582278,3.0,7.0
1,0.6,0.545454545454545,1.00819672131148,1.1304347826087,0.221052631578947,0.784810126582278,3.0,5.0
2,0.0,0.0,1.00819672131148,0.0,0.221052631578947,0.784810126582278,3.0,7.0
3,0.6,0.545454545454545,1.00819672131148,1.1304347826087,0.221052631578947,2.0,3.0,3.0
4,0.6,0.545454545454545,1.00819672131148,1.1304347826087,0.0,0.784810126582278,3.0,5.0
5,0.0,0.0,1.00819672131148,0.0,0.221052631578947,0.784810126582278,3.0,7.0
6,0.0,0.545454545454545,0.0,1.1304347826087,0.221052631578947,0.0,3.0,4.0
7,0.6,0.545454545454545,0.0,1.1304347826087,0.221052631578947,0.784810126582278,3.0,1.0
8,0.6,0.545454545454545,1.00819672131148,1.1304347826087,0.221052631578947,0.784810126582278,3.0,2.0
9,0.6,0.545454545454545,1.00819672131148,1.1304347826087,0.221052631578947,0.784810126582278,3.0,3.0
10,2.0,0.545454545454545,2.0,1.1304347826087,0.221052631578947,0.784810126582278,3.0,4.0
11,3.0,3.0,1.00819672131148,1.0,0.221052631578947,0.784810126582278,3.0,7.0
12,0.6,0.545454545454545,1.00819672131148,1.1304347826087,0.0,0.784810126582278,3.0,5.0
13,0.6,0.545454545454545,0.0,1.1304347826087,0.221052631578947,0.784810126582278,1.0,6.0
14,0.6,0.545454545454545,0.0,1.1304347826087,0.221052631578947,0.0,3.0,3.0
15,0.6,0.545454545454545,1.00819672131148,1.1304347826087,0.0,2.0,3.0,5.0
16,0.6,0.545454545454545,1.00819672131148,1.1304347826087,0.0,0.0,3.0,3.0
17,0.0,0.545454545454545,0.0,1.1304347826087,0.221052631578947,0.784810126582278,3.0,4.0
18,0.0,0.0,1.00819672131148,2.0,0.221052631578947,0.784810126582278,3.0,7.0
19,0.6,0.545454545454545,0.0,1.1304347826087,0.221052631578947,0.0,3.0,3.0
20,0.6,0.545454545454545,1.00819672131148,1.1304347826087,0.0,0.784810126582278,3.0,5.0
21,0.0,0.545454545454545,0.0,1.1304347826087,0.221052631578947,0.784810126582278,3.0,6.0
22,0.0,0.0,1.00819672131148,0.0,0.221052631578947,0.784810126582278,3.0,7.0
23,0.0,0.545454545454545,0.0,0.0,0.221052631578947,0.784810126582278,3.0,4.0
24,0.6,0.545454545454545,1.00819672131148,1.1304347826087,0.221052631578947,4.0,3.0,1.0
25,2.0,0.545454545454545,2.0,1.1304347826087,0.221052631578947,0.784810126582278,3.0,6.0
26,0.0,0.0,1.00819672131148,4.0,0.221052631578947,0.784810126582278,3.0,7.0
27,0.6,0.545454545454545,1.00819672131148,1.1304347826087,0.221052631578947,0.784810126582278,3.0,5.0
28,0.6,0.545454545454545,1.00819672131148,1.1304347826087,0.0,0.0,3.0,1.0
29,0.0,0.0,1.00819672131148,2.0,0.221052631578947,0.784810126582278,3.0,7.0
30,0.6,0.545454545454545,1.00819672131148,1.1304347826087,0.0,0.0,3.0,5.0
31,0.6,0.545454545454545,1.00819672131148,1.1304347826087,0.0,0.784810126582278,3.0,5.0
32,0.0,0.0,1.00819672131148,1.1304347826087,0.221052631578947,0.784810126582278,3.0,7.0
33,0.6,0.545454545454545,0.0,1.1304347826087,0.0,0.0,3.0,3.0
34,4.0,4.0,1.00819672131148,3.0,0.221052631578947,0.784810126582278,3.0,7.0
35,0.6,0.545454545454545,2.0,1.1304347826087,2.0,2.0,3.0,1.0
36,0.6,0.545454545454545,0.0,1.1304347826087,0.221052631578947,0.0,3.0,3.0
37,0.6,0.545454545454545,0.0,1.1304347826087,0.221052631578947,0.0,3.0,1.0
38,0.6,0.545454545454545,1.00819672131148,1.1304347826087,0.0,0.784810126582278,3.0,5.0
39,0.6,0.545454545454545,1.00819672131148,1.1304347826087,0.0,0.784810126582278,3.0,5.0
40,0.6,0.545454545454545,0.0,1.1304347826087,0.221052631578947,2.0,3.0,1.0
41,0.6,0.545454545454545,1.00819672131148,1.1304347826087,0.221052631578947,0.784810126582278,3.0,3.0
42,0.0,0.0,1.00819672131148,0.0,0.221052631578947,0.784810126582278,3.0,7.0
43,0.6,0.545454545454545,4.0,1.1304347826087,2.0,3.0,3.0,1.0
44,2.0,2.0,1.0,1.1304347826087,0.221052631578947,0.784810126582278,3.0,2.0
45,2.0,2.0,2.0,1.1304347826087,0.221052631578947,0.784810126582278,3.0,6.0
46,0.6,0.545454545454545,1.00819672131148,1.1304347826087,0.0,0.0,3.0,5.0
47,0.0,0.545454545454545,0.0,0.0,0.221052631578947,0.784810126582278,3.0,4.0
48,0.6,0.545454545454545,1.00819672131148,0.0,0.221052631578947,0.784810126582278,3.0,7.0
49,0.6,0.545454545454545,1.00819672131148,1.1304347826087,0.221052631578947,0.784810126582278,3.0,2.0
50,0.0,0.0,1.00819672131148,0.0,0.221052631578947,0.784810126582278,3.0,7.0
51,2.0,0.545454545454545,1.00819672131148,1.1304347826087,0.221052631578947,0.784810126582278,3.0,6.0
52,0.6,0.545454545454545,1.00819672131148,1.1304347826087,0.0,0.784810126582278,3.0,5.0
53,0.6,0.545454545454545,1.00819672131148,1.1304347826087,0.221052631578947,0.784810126582278,3.0,3.0
54,0.6,0.545454545454545,0.0,1.1304347826087,0.221052631578947,0.0,3.0,1.0
55,2.0,0.545454545454545,5.0,1.1304347826087,0.221052631578947,0.784810126582278,3.0,6.0
56,0.0,0.0,1.00819672131148,0.0,0.221052631578947,0.784810126582278,3.0,7.0
57,0.6,0.545454545454545,1.00819672131148,1.1304347826087,0.221052631578947,0.784810126582278,3.0,3.0
58,0.6,0.545454545454545,1.00819672131148,1.1304347826087,2.0,0.784810126582278,3.0,5.0
59,0.6,0.545454545454545,1.00819672131148,1.1304347826087,0.0,0.784810126582278,3.0,5.0
60,0.6,0.545454545454545,0.0,1.1304347826087,0.0,0.0,3.0,3.0
61,0.0,0.0,1.00819672131148,1.0,0.221052631578947,0.784810126582278,3.0,7.0
62,0.6,0.545454545454545,3.0,1.1304347826087,0.221052631578947,0.784810126582278,3.0,3.0
63,0.6,0.545454545454545,1.00819672131148,1.1304347826087,0.0,0.784810126582278,3.0,5.0
64,0.0,0.0,1.00819672131148,0.0,0.221052631578947,0.784810126582278,3.0,7.0
65,0.6,0.545454545454545,1.00819672131148,1.1304347826087,0.221052631578947,0.784810126582278,3.0,2.0
66,0.6,0.545454545454545,1.00819672131148,1.1304347826087,0.0,0.784810126582278,3.0,5.0
67,0.0,0.0,1.00819672131148,1.0,0.221052631578947,0.784810126582278,3.0,7.0
68,0.6,0.545454545454545,0.0,1.1304347826087,0.221052631578947,0.0,3.0,1.0
69,0.6,0.545454545454545,0.0,1.1304347826087,0.0,0.0,3.0,3.0
70,0.6,0.545454545454545,1.00819672131148,1.1304347826087,0.0,0.784810126582278,3.0,5.0
71,0.6,0.545454545454545,4.0,1.1304347826087,0.221052631578947,0.784810126582278,3.0,1.0
72,0.0,0.0,1.00819672131148,0.0,0.221052631578947,0.784810126582278,3.0,7.0
73,0.6,0.545454545454545,0.0,1.1304347826087,0.221052631578947,0.0,3.0,3.0
74,0.0,0.545454545454545,0.0,1.1304347826087,0.0,0.784810126582278,3.0,4.0
75,0.6,0.545454545454545,1.00819672131148,1.1304347826087,0.0,0.784810126582278,3.0,5.0
76,3.0,3.0,1.00819672131148,4.0,0.221052631578947,0.784810126582278,3.0,7.0
77,0.0,0.545454545454545,0.0,1.1304347826087,0.221052631578947,0.784810126582278,3.0,6.0
78,0.6,0.545454545454545,1.00819672131148,1.1304347826087,0.0,0.784810126582278,3.0,5.0
79,0.0,0.0,1.00819672131148,0.0,0.221052631578947,0.784810126582278,3.0,4.0
80,0.6,0.545454545454545,0.0,1.1304347826087,0.0,0.0,3.0,3.0
81,0.0,0.0,1.00819672131148,0.0,0.221052631578947,0.784810126582278,3.0,7.0
82,0.6,0.545454545454545,4.0,1.1304347826087,0.221052631578947,2.0,3.0,1.0
83,2.0,0.545454545454545,2.0,1.1304347826087,0.221052631578947,0.784810126582278,3.0,6.0
84,0.6,0.545454545454545,1.00819672131148,1.1304347826087,0.0,0.784810126582278,3.0,5.0
85,0.0,0.0,1.00819672131148,1.0,0.221052631578947,0.784810126582278,3.0,7.0
86,0.6,0.545454545454545,0.0,1.1304347826087,0.221052631578947,0.784810126582278,3.0,1.0
87,0.0,0.0,1.00819672131148,1.1304347826087,0.221052631578947,0.784810126582278,3.0,7.0
88,0.6,0.545454545454545,0.0,1.1304347826087,0.221052631578947,0.0,3.0,3.0
89,0.6,0.545454545454545,0.0,1.1304347826087,0.221052631578947,0.0,3.0,3.0
90,0.0,0.0,1.00819672131148,0.0,0.221052631578947,0.784810126582278,3.0,7.0
91,0.6,0.545454545454545,1.00819672131148,1.1304347826087,0.221052631578947,0.784810126582278,3.0,3.0
92,2.0,2.0,1.00819672131148,2.0,0.221052631578947,0.784810126582278,3.0,7.0
93,0.6,0.545454545454545,1.0,0.0,0.221052631578947,1.0,3.0,4.0
94,1.0,1.0,1.00819672131148,2.0,0.221052631578947,0.784810126582278,3.0,7.0
95,0.6,0.545454545454545,0.0,1.1304347826087,0.221052631578947,0.0,3.0,1.0
96,0.6,0.545454545454545,1.00819672131148,1.1304347826087,2.0,0.784810126582278,3.0,5.0
97,0.6,0.545454545454545,0.0,1.1304347826087,0.221052631578947,0.0,3.0,3.0
98,0.6,0.545454545454545,1.00819672131148,1.1304347826087,2.0,0.784810126582278,3.0,5.0
99,0.6,0.545454545454545,0.0,1.1304347826087,0.221052631578947,0.0,3.0,1.0
100,0.6,0.545454545454545,0.0,1.1304347826087,0.221052631578947,0.0,3.0,3.0
101,0.6,0.545454545454545,0.0,1.1304347826087,0.0,0.0,3.0,3.0
102,0.0,0.0,1.00819672131148,0.0,0.221052631578947,0.784810126582278,3.0,7.0
103,0.6,0.545454545454545,4.0,1.1304347826087,0.221052631578947,3.0,3.0,4.0
104,0.6,0.545454545454545,0.0,1.1304347826087,0.221052631578947,0.784810126582278,3.0,1.0
105,0.6,0.545454545454545,1.00819672131148,1.1304347826087,0.0,0.784810126582278,3.0,5.0
106,0.6,0.545454545454545,1.00819672131148,2.0,2.0,3.0,3.0,1.0
107,4.0,4.0,2.0,4.0,0.221052631578947,0.784810126582278,3.0,4.0
108,4.0,2.0,3.0,1.1304347826087,0.221052631578947,0.784810126582278,3.0,6.0
109,0.6,0.545454545454545,1.00819672131148,1.1304347826087,0.221052631578947,0.784810126582278,3.0,2.0
110,0.6,0.545454545454545,4.0,2.0,0.221052631578947,0.784810126582278,3.0,1.0
111,0.6,0.545454545454545,3.0,1.1304347826087,0.221052631578947,0.784810126582278,3.0,6.0
112,0.6,0.545454545454545,1.00819672131148,1.1304347826087,0.221052631578947,0.784810126582278,3.0,2.0
113,0.0,0.545454545454545,1.00819672131148,1.1304347826087,0.221052631578947,0.784810126582278,3.0,6.0
114,0.6,0.545454545454545,0.0,1.1304347826087,0.221052631578947,0.0,3.0,3.0
115,0.6,0.545454545454545,0.0,1.1304347826087,0.221052631578947,0.784810126582278,3.0,4.0
116,0.0,0.0,1.00819672131148,0.0,0.221052631578947,0.784810126582278,3.0,7.0
117,0.0,0.0,1.00819672131148,2.0,0.221052631578947,0.784810126582278,3.0,7.0
118,0.6,0.545454545454545,1.00819672131148,1.1304347826087,0.0,0.784810126582278,3.0,5.0
119,0.6,0.545454545454545,0.0,1.1304347826087,0.0,0.0,3.0,3.0
120,0.0,0.0,1.00819672131148,4.0,0.221052631578947,0.784810126582278,3.0,7.0
121,0.6,0.545454545454545,0.0,1.1304347826087,0.221052631578947,0.0,3.0,1.0
122,0.6,0.545454545454545,1.00819672131148,1.1304347826087,0.0,0.784810126582278,3.0,5.0
123,0.0,0.545454545454545,1.0,1.1304347826087,0.221052631578947,0.784810126582278,3.0,6.0
124,0.0,0.0,1.00819672131148,1.1304347826087,0.221052631578947,0.784810126582278,3.0,7.0
125,0.6,0.545454545454545,0.0,1.1304347826087,0.0,0.0,3.0,3.0
126,0.0,0.0,1.00819672131148,0.0,0.221052631578947,0.784810126582278,3.0,7.0
127,0.6,0.545454545454545,1.00819672131148,1.1304347826087,0.0,0.784810126582278,3.0,5.0
128,0.0,0.0,1.00819672131148,1.1304347826087,0.221052631578947,0.784810126582278,3.0,7.0
129,0.6,0.545454545454545,1.00819672131148,1.1304347826087,0.221052631578947,0.784810126582278,3.0,3.0
130,0.0,0.0,0.0,1.1304347826087,0.221052631578947,0.784810126582278,3.0,6.0
131,2.0,0.545454545454545,2.0,1.1304347826087,0.221052631578947,0.784810126582278,3.0,6.0
132,0.6,0.545454545454545,1.00819672131148,1.1304347826087,0.221052631578947,0.784810126582278,3.0,2.0
133,0.6,0.545454545454545,1.00819672131148,1.1304347826087,2.0,2.0,3.0,5.0
134,0.6,0.545454545454545,1.00819672131148,1.1304347826087,2.0,4.0,3.0,1.0
135,0.6,0.545454545454545,1.00819672131148,1.1304347826087,0.221052631578947,0.784810126582278,3.0,3.0
136,0.6,0.545454545454545,1.00819672131148,1.1304347826087,0.221052631578947,0.784810126582278,3.0,7.0
137,0.6,0.545454545454545,4.0,1.1304347826087,0.221052631578947,3.0,3.0,1.0
138,0.6,0.545454545454545,1.00819672131148,1.1304347826087,0.221052631578947,0.784810126582278,3.0,2.0
139,0.6,0.545454545454545,2.0,3.0,0.221052631578947,0.784810126582278,3.0,1.0
140,2.0,2.0,2.0,4.0,0.221052631578947,0.784810126582278,3.0,4.0
141,1.0,1.0,2.0,1.1304347826087,0.221052631578947,0.784810126582278,3.0,6.0
142,0.6,0.545454545454545,1.00819672131148,1.1304347826087,0.221052631578947,0.784810126582278,3.0,2.0
143,0.0,0.0,1.00819672131148,0.0,0.221052631578947,0.784810126582278,3.0,7.0
144,0.0,0.545454545454545,0.0,0.0,0.0,0.0,3.0,4.0
145,0.6,0.545454545454545,1.00819672131148,1.1304347826087,0.221052631578947,0.784810126582278,3.0,3.0
146,0.0,0.0,1.00819672131148,0.0,0.221052631578947,0.784810126582278,3.0,7.0
147,0.6,0.545454545454545,1.00819672131148,1.1304347826087,0.0,0.784810126582278,3.0,5.0
148,0.6,0.545454545454545,1.00819672131148,1.1304347826087,0.0,0.784810126582278,3.0,5.0
149,0.0,0.0,1.00819672131148,0.0,0.221052631578947,0.784810126582278,3.0,7.0
150,0.6,0.545454545454545,0.0,1.1304347826087,0.221052631578947,0.0,3.0,1.0
151,0.0,0.545454545454545,0.0,1.1304347826087,0.221052631578947,0.784810126582278,2.0,6.0
152,0.6,0.545454545454545,0.0,1.1304347826087,0.0,0.0,3.0,1.0
153,0.6,0.545454545454545,1.00819672131148,1.1304347826087,0.0,0.784810126582278,3.0,5.0
154,0.6,0.545454545454545,1.00819672131148,1.1304347826087,0.0,0.784810126582278,3.0,5.0
155,0.0,0.0,1.00819672131148,4.0,0.221052631578947,0.784810126582278,3.0,7.0
156,0.6,0.545454545454545,0.0,1.1304347826087,0.221052631578947,0.784810126582278,3.0,1.0
157,0.6,0.545454545454545,0.0,1.1304347826087,0.0,0.0,3.0,3.0
158,2.0,1.0,2.0,1.0,0.221052631578947,0.784810126582278,3.0,4.0
159,0.6,0.545454545454545,1.00819672131148,1.1304347826087,0.221052631578947,0.784810126582278,3.0,2.0
160,0.6,0.545454545454545,1.00819672131148,1.1304347826087,2.0,5.0,3.0,1.0
161,0.6,0.545454545454545,1.00819672131148,1.1304347826087,0.0,0.784810126582278,3.0,5.0
162,0.0,0.0,1.00819672131148,0.0,0.221052631578947,0.784810126582278,3.0,7.0
163,0.6,0.545454545454545,0.0,1.1304347826087,0.0,0.0,3.0,3.0
164,0.0,0.0,1.00819672131148,1.1304347826087,0.221052631578947,0.784810126582278,3.0,4.0
165,0.6,0.545454545454545,0.0,1.1304347826087,0.221052631578947,0.0,3.0,1.0
166,0.6,0.545454545454545,1.00819672131148,1.1304347826087,0.0,0.784810126582278,3.0,5.0
167,0.0,0.0,1.00819672131148,0.0,0.221052631578947,0.784810126582278,3.0,7.0
168,0.6,0.545454545454545,3.0,1.0,0.221052631578947,0.784810126582278,3.0,1.0
169,2.0,0.545454545454545,3.0,4.0,0.221052631578947,0.784810126582278,3.0,4.0
170,2.0,0.545454545454545,4.0,1.1304347826087,0.221052631578947,0.784810126582278,3.0,6.0
171,0.0,0.0,1.00819672131148,0.0,0.221052631578947,0.784810126582278,3.0,7.0
172,0.6,0.545454545454545,0.0,1.1304347826087,0.0,0.0,3.0,3.0
173,0.0,0.0,1.00819672131148,0.0,0.221052631578947,0.784810126582278,3.0,7.0
174,0.0,0.545454545454545,0.0,0.0,0.0,0.0,3.0,4.0
175,0.0,0.0,1.00819672131148,0.0,0.221052631578947,0.784810126582278,3.0,7.0
176,0.6,0.545454545454545,0.0,1.1304347826087,0.221052631578947,0.0,3.0,1.0
177,0.6,0.545454545454545,1.00819672131148,1.1304347826087,0.0,0.784810126582278,3.0,5.0
178,0.0,0.545454545454545,0.0,1.1304347826087,0.221052631578947,0.784810126582278,3.0,6.0
179,1.0,1.0,1.00819672131148,1.1304347826087,0.221052631578947,0.784810126582278,3.0,6.0
180,0.0,0.0,1.00819672131148,0.0,0.221052631578947,0.784810126582278,3.0,7.0
181,0.6,0.545454545454545,1.00819672131148,1.1304347826087,0.221052631578947,0.784810126582278,3.0,3.0
182,0.0,0.545454545454545,0.0,1.1304347826087,0.221052631578947,0.784810126582278,4.0,6.0
183,0.6,0.545454545454545,1.00819672131148,1.1304347826087,1.0,0.784810126582278,3.0,5.0
184,0.6,0.545454545454545,1.00819672131148,1.1304347826087,0.221052631578947,0.784810126582278,3.0,2.0
185,0.0,0.0,1.00819672131148,1.1304347826087,0.221052631578947,0.784810126582278,3.0,7.0
186,0.6,0.545454545454545,0.0,1.1304347826087,0.221052631578947,0.0,3.0,1.0
187,0.6,0.545454545454545,1.00819672131148,1.1304347826087,0.0,0.784810126582278,3.0,5.0
188,0.6,0.545454545454545,1.00819672131148,1.1304347826087,0.221052631578947,0.784810126582278,3.0,2.0
189,0.6,0.545454545454545,1.00819672131148,1.1304347826087,0.221052631578947,0.784810126582278,3.0,5.0
190,4.0,4.0,1.00819672131148,1.0,0.221052631578947,0.784810126582278,3.0,7.0
191,0.6,0.545454545454545,0.0,1.1304347826087,0.221052631578947,0.0,3.0,3.0
192,0.0,0.0,1.00819672131148,0.0,0.221052631578947,0.784810126582278,3.0,7.0
193,0.6,0.545454545454545,1.00819672131148,1.1304347826087,0.0,0.784810126582278,3.0,5.0
194,0.6,0.545454545454545,0.0,1.1304347826087,0.221052631578947,0.784810126582278,4.0,3.0
195,0.0,0.0,1.00819672131148,0.0,0.221052631578947,0.784810126582278,3.0,7.0
196,0.6,0.545454545454545,1.00819672131148,1.1304347826087,0.0,0.784810126582278,3.0,5.0
197,0.0,0.0,1.00819672131148,1.1304347826087,0.221052631578947,0.784810126582278,3.0,7.0
198,0.6,0.545454545454545,0.0,1.1304347826087,0.0,0.0,3.0,3.0
199,0.6,0.545454545454545,1.00819672131148,1.1304347826087,0.0,0.784810126582278,3.0,5.0
200,0.0,0.0,1.00819672131148,5.0,0.221052631578947,0.784810126582278,3.0,4.0
201,0.6,0.545454545454545,1.00819672131148,1.1304347826087,0.0,0.784810126582278,3.0,5.0
202,0.0,0.0,1.00819672131148,0.0,0.221052631578947,0.784810126582278,3.0,7.0
203,0.6,0.545454545454545,1.00819672131148,1.1304347826087,0.0,0.784810126582278,3.0,5.0
204,0.6,0.545454545454545,2.0,1.1304347826087,0.221052631578947,0.784810126582278,3.0,3.0
205,0.6,0.545454545454545,1.00819672131148,1.1304347826087,0.221052631578947,0.784810126582278,3.0,3.0
206,0.6,0.545454545454545,1.00819672131148,1.1304347826087,0.0,0.784810126582278,3.0,5.0
207,0.0,0.0,1.00819672131148,0.0,0.221052631578947,0.784810126582278,3.0,7.0
208,0.0,0.0,0.0,0.0,0.221052631578947,0.784810126582278,3.0,4.0
209,0.0,0.0,1.00819672131148,0.0,0.221052631578947,0.784810126582278,3.0,7.0
210,0.6,0.545454545454545,1.00819672131148,1.1304347826087,0.0,0.784810126582278,3.0,5.0
211,0.6,0.545454545454545,0.0,1.1304347826087,0.221052631578947,0.0,3.0,3.0
212,0.0,0.0,1.00819672131148,2.0,0.221052631578947,0.784810126582278,3.0,7.0
213,0.6,0.545454545454545,0.0,1.1304347826087,0.221052631578947,0.0,3.0,1.0
214,0.6,0.545454545454545,1.00819672131148,1.1304347826087,0.0,0.784810126582278,3.0,5.0
215,0.0,0.0,1.00819672131148,5.0,0.221052631578947,0.784810126582278,3.0,7.0
216,0.0,0.545454545454545,0.0,1.1304347826087,0.221052631578947,0.784810126582278,3.0,4.0
217,0.6,0.545454545454545,0.0,1.1304347826087,0.221052631578947,0.784810126582278,3.0,3.0
218,0.0,0.0,1.00819672131148,1.1304347826087,0.221052631578947,0.784810126582278,3.0,7.0
219,0.6,0.545454545454545,1.00819672131148,1.1304347826087,0.221052631578947,0.0,3.0,3.0
220,0.0,0.0,1.00819672131148,5.0,0.221052631578947,0.784810126582278,3.0,7.0
221,0.0,0.545454545454545,0.0,1.1304347826087,0.221052631578947,0.0,3.0,6.0
222,0.6,0.545454545454545,1.00819672131148,1.1304347826087,0.0,0.784810126582278,3.0,5.0
223,0.6,0.545454545454545,3.0,1.1304347826087,0.221052631578947,0.784810126582278,3.0,3.0
224,0.6,0.545454545454545,0.0,1.1304347826087,0.0,0.0,3.0,3.0
225,0.6,0.545454545454545,0.0,1.1304347826087,0.221052631578947,0.0,3.0,1.0
226,0.0,0.0,1.00819672131148,0.0,0.221052631578947,0.784810126582278,3.0,7.0
227,0.0,0.0,1.00819672131148,0.0,0.221052631578947,0.784810126582278,3.0,7.0
228,0.0,0.0,1.00819672131148,1.1304347826087,0.221052631578947,0.784810126582278,3.0,6.0
229,0.6,0.545454545454545,0.0,1.1304347826087,0.221052631578947,1.0,3.0,1.0
230,0.6,0.545454545454545,1.00819672131148,1.1304347826087,2.0,0.784810126582278,3.0,3.0
231,0.0,0.0,1.00819672131148,0.0,0.221052631578947,0.784810126582278,3.0,4.0
232,0.6,0.545454545454545,1.00819672131148,1.1304347826087,0.0,0.784810126582278,3.0,5.0
233,0.0,0.0,1.00819672131148,0.0,0.221052631578947,0.784810126582278,3.0,7.0
234,0.0,0.0,1.00819672131148,0.0,0.221052631578947,0.784810126582278,3.0,7.0
235,0.6,0.545454545454545,1.00819672131148,1.1304347826087,0.0,0.784810126582278,3.0,5.0
236,0.0,0.0,1.00819672131148,1.1304347826087,0.221052631578947,0.784810126582278,3.0,7.0
237,0.6,0.545454545454545,0.0,1.1304347826087,0.0,0.784810126582278,3.0,3.0
238,0.6,0.545454545454545,1.00819672131148,1.1304347826087,0.221052631578947,0.784810126582278,3.0,2.0
239,0.0,0.0,1.00819672131148,0.0,0.221052631578947,0.784810126582278,3.0,7.0
240,0.6,0.545454545454545,1.00819672131148,1.1304347826087,0.0,0.784810126582278,3.0,5.0
241,0.6,0.545454545454545,5.0,1.1304347826087,0.221052631578947,2.0,3.0,1.0
242,0.6,0.545454545454545,1.00819672131148,1.1304347826087,0.0,0.784810126582278,3.0,5.0
243,0.0,0.0,1.00819672131148,0.0,0.221052631578947,0.784810126582278,3.0,7.0
244,0.6,0.545454545454545,0.0,1.1304347826087,0.221052631578947,0.0,3.0,1.0
245,0.6,0.545454545454545,1.00819672131148,1.1304347826087,0.221052631578947,0.784810126582278,3.0,3.0
246,0.0,0.545454545454545,0.0,1.1304347826087,0.221052631578947,0.784810126582278,3.0,6.0
247,0.6,0.545454545454545,1.00819672131148,1.1304347826087,0.221052631578947,0.784810126582278,3.0,3.0
248,3.0,3.0,1.00819672131148,1.0,0.221052631578947,0.784810126582278,3.0,7.0
249,0.6,0.545454545454545,1.00819672131148,1.1304347826087,0.0,0.784810126582278,3.0,5.0
250,0.6,0.545454545454545,1.00819672131148,1.1304347826087,0.0,0.0,3.0,3.0
251,0.0,0.0,1.00819672131148,0.0,0.221052631578947,0.784810126582278,3.0,7.0
252,0.6,0.545454545454545,1.00819672131148,1.1304347826087,0.0,0.784810126582278,3.0,5.0
253,0.6,0.545454545454545,0.0,1.1304347826087,0.221052631578947,0.784810126582278,3.0,1.0
254,0.0,0.0,1.0,0.0,0.221052631578947,0.784810126582278,3.0,7.0
255,0.0,0.545454545454545,0.0,1.1304347826087,0.221052631578947,0.784810126582278,3.0,6.0
256,0.6,0.545454545454545,1.00819672131148,1.1304347826087,0.0,0.784810126582278,3.0,5.0
257,0.6,0.545454545454545,1.00819672131148,1.1304347826087,0.0,0.784810126582278,3.0,5.0
258,0.6,0.545454545454545,0.0,1.1304347826087,0.221052631578947,0.0,3.0,1.0
259,0.6,0.545454545454545,1.00819672131148,1.1304347826087,0.221052631578947,0.784810126582278,3.0,3.0
260,0.6,0.545454545454545,4.0,1.0,0.221052631578947,0.784810126582278,3.0,1.0
261,2.0,1.0,4.0,3.0,0.221052631578947,0.784810126582278,3.0,4.0
262,0.0,0.0,1.00819672131148,0.0,0.221052631578947,0.784810126582278,3.0,7.0
263,0.6,0.545454545454545,0.0,1.1304347826087,0.0,0.0,3.0,3.0
264,0.6,0.545454545454545,1.00819672131148,1.1304347826087,0.0,0.784810126582278,3.0,5.0
265,0.6,0.545454545454545,3.0,3.0,0.221052631578947,0.784810126582278,3.0,1.0
266,3.0,0.545454545454545,4.0,3.0,0.221052631578947,0.784810126582278,3.0,4.0
267,0.6,0.545454545454545,1.00819672131148,1.1304347826087,0.221052631578947,0.784810126582278,3.0,2.0
268,0.6,0.545454545454545,1.00819672131148,1.1304347826087,0.0,5.0,3.0,5.0
269,0.6,0.545454545454545,0.0,1.1304347826087,0.0,0.0,3.0,3.0
270,0.6,0.545454545454545,4.0,1.1304347826087,0.221052631578947,0.784810126582278,3.0,1.0
271,0.0,0.0,1.00819672131148,0.0,0.221052631578947,0.784810126582278,3.0,7.0
272,0.6,0.545454545454545,1.00819672131148,1.1304347826087,0.221052631578947,0.784810126582278,3.0,3.0
273,0.6,0.545454545454545,1.00819672131148,1.1304347826087,0.0,0.784810126582278,3.0,5.0
274,0.0,0.0,1.00819672131148,0.0,0.221052631578947,0.784810126582278,3.0,7.0
275,0.0,0.0,1.00819672131148,1.1304347826087,0.221052631578947,0.784810126582278,3.0,7.0
276,0.6,0.545454545454545,1.00819672131148,1.1304347826087,0.221052631578947,0.784810126582278,3.0,2.0
277,0.6,0.545454545454545,0.0,1.1304347826087,0.221052631578947,0.784810126582278,3.0,1.0
278,0.6,0.545454545454545,1.00819672131148,1.1304347826087,0.0,4.0,3.0,5.0
279,0.0,0.0,1.00819672131148,0.0,0.221052631578947,0.784810126582278,3.0,7.0
280,3.0,3.0,1.00819672131148,2.0,0.221052631578947,0.784810126582278,3.0,7.0
281,0.6,0.545454545454545,1.00819672131148,1.1304347826087,0.0,0.784810126582278,3.0,5.0
282,0.0,0.545454545454545,0.0,1.1304347826087,0.221052631578947,0.784810126582278,4.0,6.0
283,3.0,3.0,2.0,2.0,0.221052631578947,0.784810126582278,3.0,4.0
284,0.6,0.545454545454545,3.0,1.1304347826087,0.221052631578947,0.784810126582278,3.0,3.0
285,0.0,0.0,1.00819672131148,0.0,0.221052631578947,0.784810126582278,3.0,7.0
286,0.6,0.545454545454545,0.0,1.1304347826087,0.0,0.0,3.0,1.0
287,0.6,0.545454545454545,1.00819672131148,1.1304347826087,0.0,0.784810126582278,3.0,5.0
288,0.6,0.545454545454545,1.00819672131148,1.1304347826087,0.221052631578947,0.784810126582278,3.0,2.0
289,0.0,0.0,1.00819672131148,2.0,0.221052631578947,0.784810126582278,3.0,7.0
290,0.0,0.0,1.00819672131148,1.1304347826087,0.221052631578947,0.784810126582278,3.0,6.0
291,0.6,0.545454545454545,1.00819672131148,1.1304347826087,0.0,0.784810126582278,3.0,5.0
292,0.6,0.545454545454545,4.0,1.1304347826087,0.221052631578947,0.784810126582278,3.0,3.0
293,4.0,4.0,1.00819672131148,3.0,0.221052631578947,0.784810126582278,3.0,7.0
294,0.6,0.545454545454545,5.0,1.1304347826087,0.221052631578947,2.0,3.0,1.0
295,0.6,0.545454545454545,1.00819672131148,1.1304347826087,0.221052631578947,0.784810126582278,3.0,3.0
296,4.0,4.0,1.00819672131148,3.0,0.221052631578947,0.784810126582278,3.0,7.0
297,0.0,0.0,1.00819672131148,1.0,0.221052631578947,0.784810126582278,3.0,7.0
298,0.6,0.545454545454545,1.00819672131148,1.1304347826087,0.0,0.784810126582278,3.0,5.0
299,0.6,0.545454545454545,1.00819672131148,1.1304347826087,0.221052631578947,0.0,3.0,3.0
300,0.6,0.545454545454545,1.00819672131148,1.1304347826087,0.221052631578947,0.784810126582278,3.0,2.0
301,0.6,0.545454545454545,1.00819672131148,1.1304347826087,0.221052631578947,0.784810126582278,3.0,3.0
302,0.0,0.0,1.00819672131148,0.0,0.221052631578947,0.784810126582278,3.0,7.0
303,0.6,0.545454545454545,1.00819672131148,1.1304347826087,0.0,3.0,3.0,5.0
304,0.6,0.545454545454545,1.00819672131148,1.1304347826087,0.0,0.784810126582278,3.0,5.0
305,0.0,0.0,1.00819672131148,1.1304347826087,0.221052631578947,0.784810126582278,3.0,7.0
306,0.6,0.545454545454545,0.0,1.1304347826087,0.221052631578947,0.0,3.0,3.0
307,1.0,0.545454545454545,2.0,1.1304347826087,0.221052631578947,0.784810126582278,3.0,6.0
308,0.6,0.545454545454545,0.0,1.1304347826087,0.221052631578947,0.0,3.0,3.0
309,0.0,0.0,1.00819672131148,1.1304347826087,0.221052631578947,0.784810126582278,3.0,7.0
310,0.6,0.545454545454545,4.0,1.1304347826087,0.221052631578947,2.0,3.0,1.0
311,0.0,0.545454545454545,0.0,1.1304347826087,0.221052631578947,0.0,3.0,4.0
312,0.6,0.545454545454545,1.00819672131148,1.1304347826087,0.0,0.784810126582278,3.0,5.0
313,0.0,0.545454545454545,0.0,1.1304347826087,0.221052631578947,0.784810126582278,3.0,6.0
314,0.6,0.545454545454545,1.00819672131148,1.1304347826087,0.221052631578947,0.784810126582278,3.0,2.0
315,0.0,0.0,1.00819672131148,5.0,0.221052631578947,0.784810126582278,3.0,7.0
316,0.6,0.545454545454545,1.00819672131148,1.1304347826087,0.0,0.784810126582278,3.0,5.0
317,0.6,0.545454545454545,0.0,1.1304347826087,0.221052631578947,5.0,3.0,1.0
318,0.6,0.545454545454545,1.00819672131148,1.1304347826087,0.0,0.784810126582278,3.0,5.0
319,0.0,0.0,1.00819672131148,0.0,0.221052631578947,0.784810126582278,3.0,7.0
320,0.0,0.0,1.00819672131148,1.1304347826087,0.221052631578947,0.784810126582278,3.0,7.0
321,0.6,0.545454545454545,1.00819672131148,1.1304347826087,0.0,0.784810126582278,3.0,5.0
322,0.6,0.545454545454545,0.0,1.1304347826087,0.221052631578947,0.0,3.0,1.0
323,0.6,0.545454545454545,0.0,1.1304347826087,0.221052631578947,0.0,3.0,3.0
324,0.6,0.545454545454545,1.00819672131148,1.1304347826087,0.221052631578947,0.784810126582278,3.0,3.0
325,4.0,4.0,1.00819672131148,3.0,0.221052631578947,0.784810126582278,3.0,7.0
326,0.6,0.545454545454545,1.00819672131148,1.1304347826087,0.0,0.784810126582278,3.0,5.0
